Accelerated Nursing Programs,
Accounting,Accounting
Actuarial Science & Financial Engineering,
Administrative Professional,
Adult Education,
Advertising & Public Relations,
Aerospace Engineering,
African Language & Literature ,African Language and Literature Studies
Agricultural Science & Agronomy,Agricultural Sciences and Agronomy Soil Science
Agricultural Science & Agronomy,Horticulture
Agriculture,Agricultural Economics
Alternative Medicine,
American Studies,American Studies
Anesthesiology,
Animation,
Anthropology,Anthropology
Applied Behavior Analysis,
Arabic Language & Literature ,Arabic Language and Literature Studies
Archaeology,Archaeology
Architecture,Architecture
Art History,Art History
Art Therapy,
Asian Language & Literature ,Asian Language and Literature Studies
Asian Studies,
Astronomy and Astrophysics,Astronomy and Astrophysics
Athletic Training,Athletic Training
Audiology,
Automotive & Mechanics,
Banking,
Become an RN,
Biblical Studies,
Biochemistry,Biochemistry
Bioethics,
Bioethics,
Biological & Biomedical Engineering,
Biology,Biology General
Biology,Entomology
Biomedical Science,Biomedical Sciences
Biomedical Science,
Biotechnology,
Biotechnology,
Bookkeeping,
Botany and Plant Science,Botany and Plant Sciences
Botany and Plant Science,Botany Plant Sciences
BSN to MSN,
Business & Corporate Education,
Business Administration & Management,Business Administration-Commerce and Management
Business Information Systems,
Business Information Systems,
Business Intelligence,
Business Intelligence,
Business Prep,
CAD,
Cardiovascular Technology,
Career Counseling,
Carpentry & Construction,
Cell & Molecular Biology,
Chemical Engineering,
Chemistry,Chemical Sciences
Chemistry,Chemistry
Chinese Language & Literature,Chinese Language
Chiropractic,
Christian Counseling,
Civil Engineering,
Clinical Laboratory Science,
Clinical Psychology,
Cognitive Psychology,
Communication Disorders,Communication Sciences and Disorders
Communication Studies,
Communications & Journalism,Communications Journalism Mass Media
Communications Management,
Community Psychology,
Comparative Literature,Comparative Literature
Computational Science,
Computer Science,Computer Science
Conflict & Peace Studies,Peace Studies
Conservation Biology,Conservation Biology
Construction Management,
Construction Management,
Contract Management,
Corrections,
Cosmetology,
Counseling & Therapy,Counseling
Court Reporting,
Creative Writing,Creative Writing
Criminal Justice,Criminal Justice
Criminal Psychology,
Criminology,
Culinary Arts,Culinary Arts
Culinary Management,
Cultural & Demographic Studies,Cuban Studies
Cultural & Demographic Studies,Cultural and Regional Studies
Curriculum & Instruction,
Dance,
Database Management,
Dental Assisting,
Dental Medicine,
Developmental Psychology,
Dialysis Technology,
Early Childhood Education,
Ecology,Ecology
eCommerce & Social Media,
Economic Development,
Economic Development,
Economic Development,
Economics,
Economics,
Economics,Economics
Education Leadership & Administration,
Education of the Deaf,
Education of the Gifted,
"Education, Technology & Online Learning",
Educational Policy,
Educational Psychology,
Educational Psychology,
Educational Research,
Electrical Engineering,
Electrical Technology,
Elementary Education,
Emergency Management,
Engineering,
Engineering Management,Engineering Subject
English,English Literature
Entertainment Management,
Entrepreneurship,
Environmental Education,
Environmental Engineering,
Environmental Law,
Environmental Management,Environmental Management
Environmental Policy,
Environmental Science,Environmental Sciences
Environmental Science,Environmental Studies
Environmental Science,Forestry
Epidemiology,
Epidemiology,
ESL/TESOL,Teaching English as a foreign language
ESL/TESOL,English as a Second Language
Esthetician,
Ethics,
European Studies,
Event Management,
Executive Business Administration,
Fashion Accessories,
Fashion Design,Fashion Design and Merchandising
Fashion Merchandising,
Fashion Merchandising,
Film & Television,Film-Radio and Television
Finance,Finance
Financial Planning,
Fine Art,Art and Fine Arts
Fine Art,Studio Art
Fine Art,Visual Art
Fitness,
Foreign Languages,Foreign non-English Languages and Literature
Forensic Accounting,
Forensic Psychology,
Forensic Science,
French Language & Literature,French Language and Literature Studies
General Education,
Genetics & Genomics,
Geographic Information Systems,
Geography,Geography
Geology,Geology
German,German Language and Literature Studies
Gerontology,
Gerontology,
Government,
Government,
Graphic Design & Multimedia,Graphic Design
Green & Sustainable Energy,
Hair & Barbering,
Health Care Law,
Health Education & Communication,
Health Education & Communication,
Health Fitness Specialist,
Health Informatics,
Health Sciences,Health Sciences
Healthcare Administration & Management,Administration-Health Services and Hospital
Healthcare Administration & Management,
High School Diploma – Accredited,
Higher Education,
Historic Preservation,
History,History
Holistic Psychology,
Homeland Security & National Defense,
Hospitality Management,Administration-Hospitality-Tourism and Sports
Human Development,
Human Physiology,
Human Resources Management,Human Resource Management
Human Services,
Human Services,
Humanities,Classics
Humanities,General Studies
Humanities,Humanities Subject
HVAC Technologies,
Immunology & Cancer Biology,
Immunology & Cancer Biology,
Industrial Design,Design
Industrial Design,Performance Design
Industrial Engineering,
Informatics,
Information Assurance & Cybersecurity,
Information Systems,Information Systems
Information Technology,
Intellectual Property Law,
Interior Design,Interior Design
International Business,
International Education,
International Health,
International Health,
International Law,
International Relations,International Relations
International Relations,International Studies
Interpersonal Communication,
Irish Language & Literature,Irish Studies
Italian Language & Literature,Italian Language and Literature Studies
JD / Law Programs,Pre-Law and Law
Jewish Studies,Jewish Studies
Kinesiology,Kinesiology and Exercise Science
Kinesiology,Sports Medicine
Labor & Industrial Relations,
Labor & Industrial Relations,Labor and Industrial Relations
"Law Enforcement, Policing & Investigation",
Legal Studies,Legal Studies
Liberal Arts & Sciences,Interdisciplinary
Liberal Arts & Sciences,Liberal Arts-Miscellaneous Arts and Sciences
Library Science,Library and Information Science
Linguistics,Linguistics
Literature,Literature
LLM's - Masters of Law,
LVN/ LPN,
Manicurist,
Marine Science,Commercial Diving
Marine Science,Marine Sciences
Marine Science,Ocean Studies
Marketing,Marketing-Advertising and Public Relations
Marriage and Family Counseling,
Massage Therapy,
Materials Science,
Mathematics,Mathematics
Mechanical Engineering,
Media Studies,
Medical Assisting,
"Medical Billing, Coding & Transcription",
Medical Office Administration,
Medical Specialties,
Medicine & Premed Programs,Pre-Med
Meteorology,
Midwifery,
Military,
Ministry,
Museum Studies,Museum Studies
Music,Music
Music & Audio Production,Media Production
Near Eastern & Middle Eastern Language & Literature,Near Eastern and Middle Eastern Language and Literature
Negotiation & Conflict Management,
Neuroscience,
Neuroscience,
Non-Profit Administration,
Non-Profit Administration,
Nuclear Medicine Technology,
Nurse Anesthetist,
Nurse Education,
Nurse Practitioner,
Nursing,Nursing
Nursing Administration,
Nursing Assistant,
Nursing Informatics,
Nursing Specialties,
Nutrition & Food Science,Food Science and Nutrition
Occupational Health & Safety,
Occupational Health & Safety,Occupational and Environmental Health
Occupational Therapy,
Office Management,
Operations Management,
Optometry,
Organizational Leadership,Leadership
Organizational Psychology,
Paralegal,
Paramedic & EMT,
Pastry & Dessert Arts,
Pathology & Disease Science,
Personal Services,
Petroleum Engineering,
Pharmaceutical Science,
Pharmacology,Pharmacy
Pharmacy Technician,
PharmD,
Philosophy,Philosophy
Phlebotomy,
Photography,Photography
Physical & Coaching Education,Physical Education
Physical Sciences,Science-other
Physical Therapy,Physical-Occupational and Rehabilitation Therapy
Physician Assistant,
Physics,Physics
Physiology,
Plumbing,
Polish Language & Literature,Polish Language and Literature Studies
Political Science,Political Science and Politics
Portuguese Language & Literature,Portuguese Language and Literature Studies
Professional Writing,
Project Management,
Psychology,Psychology
Public Administration,Administration Recreation Parks
Public Administration,Public Administration-Public Policy and Government
Public Health,
Public Health,
Public Policy,
Public Policy,
Public Relations,
Publishing,
Quality Management,
Radiology & Imaging Sciences,
Reading & Literacy,
Real Estate & Property Management,
Rehabilitation Counseling,
Religious Studies,Religious Studies
Respiratory Therapy,
Risk Management,
RN to BSN,
Romance Languages,
Russian,Russian and Slavic Language and Literature Studies
Sales,
Salon Management & Instruction,
School Counseling,
School Counseling,
School Psychology,
School Psychology,
Secondary Education,
Security Management,
Skilled & Production  Trades,
Social & Personality Psychology,
Social Work,Social Work
Sociology,Family and Home Science
Sociology,Social Sciences
Sociology,Sociology
Software & Application Development,
Software & Computer Skills,
Spanish Language & Literature,Spanish Language and Literature Studies
Special Education,
Speech Pathology,
Sports Management,Sports Management
Sports Psychology,
Statistics & Data Analytics,Statistics
Student Affairs & Development,
Substance Abuse Counseling,
Supply Chain Management,
Surgical Technology,
Systems Engineering,
Taxation,
Taxation - Law,
Teacher Education,Education
Teaching Art,
Teaching English,
Teaching Foreign Language,
Teaching Math,
Teaching Music,
Teaching Science,
Technical Communication,
Technical Support & PC Repair,
Technology Management,
Technology Management,Technology
Telecom & Networking,
Theater and Drama,Theater-Drama-Performing Arts and Dance
Theology,Theology
Tourism,Tourism and Hospitality Management
Toxicology,
Translation/Interpretation,
Transportation Eng & Mgmt,
"Truck, Tractor and Bus Licenses",
Ultrasound & Sonography Technologies,
Urban & Landscape Design,Landscape Architecture
Urban Planning,Urban and Regional Planning
Urban Studies & Affairs,
Veterinary Sciences & Medicine,
Video Game Design,
Video Game Design,
Web Design,
Web Design,
Web Development,
Web Development,
Welding,
Women's Studies,Womens Studies
Zoology & Wildlife,Animal Sciences
Zoology & Wildlife,Zoology and Wildlife Sciences
